CREATE TABLE IF NOT EXISTS `wp_forms_cjt` (
`id` int(10) unsigned NOT NULL AUTO_INCREMENT COMMENT '主键',
`finish_tip`  text NOT NULL  COMMENT '用户提交后提示内容',
`cTime`  int(10) unsigned NOT NULL   COMMENT '发布时间',
`token`  varchar(255) NOT NULL  COMMENT 'Token',
`password`  varchar(255) NOT NULL  COMMENT '表单密码',
`keyword_type`  tinyint(2) NOT NULL  DEFAULT 0 COMMENT '关键词类型',
`title`  varchar(255) NOT NULL  COMMENT '标题',
`intro`  text NOT NULL  COMMENT '封面简介',
`mTime`  int(10) NOT NULL  COMMENT '修改时间',
`cover`  int(10) unsigned NOT NULL   COMMENT '封面图片',
`keyword`  varchar(100) NOT NULL  COMMENT '关键词',
`can_edit`  tinyint(2) NOT NULL  DEFAULT 0 COMMENT '是否允许编辑',
`content`  text NOT NULL  COMMENT '详细介绍',
`jump_url`  varchar(255) NOT NULL  COMMENT '提交后跳转的地址',
PRIMARY KEY (`id`)
) ENGINE=MyISAM DEFAULT CHARACTER SET=utf8 COLLATE=utf8_general_ci CHECKSUM=0 ROW_FORMAT=DYNAMIC DELAY_KEY_WRITE=0;
INSERT INTO `wp_forms_cjt` (`id`,`keyword`,`keyword_type`,`title`,`intro`,`mTime`,`cover`,`cTime`,`token`,`password`,`finish_tip`,`can_edit`,`content`,`jump_url`) VALUES ('14','物流','0','物流','查看订单物流','1439176961','0','1439176961','gh_d7839bfd0b0a','','','1','','');
INSERT INTO `wp_forms_cjt` (`id`,`keyword`,`keyword_type`,`title`,`intro`,`mTime`,`cover`,`cTime`,`token`,`password`,`finish_tip`,`can_edit`,`content`,`jump_url`) VALUES ('15','最美果园','3','最美果园报名火热进行中','如果你有家乡有一个美丽的果园，就来参与吧！','1439969533','365','1439513837','gh_d7839bfd0b0a','','感谢您的参与，我们会通知客服尽快与您取得联系。','1','<p>这个是最美果园的详细介绍</p>','');
INSERT INTO `wp_forms_cjt` (`id`,`keyword`,`keyword_type`,`title`,`intro`,`mTime`,`cover`,`cTime`,`token`,`password`,`finish_tip`,`can_edit`,`content`,`jump_url`) VALUES ('16','报名测试','0','最美果园报名','最美果园报名','1439791524','365','1439791524','gh_d7839bfd0b0a','','','1','','');
INSERT INTO `wp_forms_cjt` (`id`,`keyword`,`keyword_type`,`title`,`intro`,`mTime`,`cover`,`cTime`,`token`,`password`,`finish_tip`,`can_edit`,`content`,`jump_url`) VALUES ('17','果园投票','0','最美果园评选','最美果园评选','1439860205','379','1439860205','gh_d7839bfd0b0a','','','1','','');
INSERT INTO `wp_model` (`name`,`title`,`extend`,`relation`,`need_pk`,`field_sort`,`field_group`,`attribute_list`,`template_list`,`template_add`,`template_edit`,`list_grid`,`list_row`,`search_key`,`search_list`,`create_time`,`update_time`,`status`,`engine_type`) VALUES ('forms_cjt','报名','0','','1','{"1":["keyword","keyword_type","title","intro","cover","can_edit","finish_tip","jump_url","content"]}','1:基础','','','','','id:报名ID\r\nkeyword:关键词\r\nkeyword_type|get_name_by_status:关键词类型\r\ntitle:标题\r\ncTime|time_format:发布时间\r\nid:操作:[EDIT]|编辑,[DELETE]|删除,forms_cjt_attribute&id=[id]|字段管理,forms_cjt_value&id=[id]|数据管理,preview&id=[id]|预览','10','title','','1396061373','1401017094','1','MyISAM');
INSERT INTO `wp_attribute` (`name`,`title`,`field`,`type`,`value`,`remark`,`is_show`,`extra`,`model_id`,`is_must`,`status`,`update_time`,`create_time`,`validate_rule`,`validate_time`,`error_info`,`validate_type`,`auto_rule`,`auto_time`,`auto_type`) VALUES ('finish_tip','用户提交后提示内容','text NOT NULL','textarea','','为空默认为：提交成功，谢谢参与','1','','0','0','1','1396676366','1396673689','','3','','regex','','3','function');
INSERT INTO `wp_attribute` (`name`,`title`,`field`,`type`,`value`,`remark`,`is_show`,`extra`,`model_id`,`is_must`,`status`,`update_time`,`create_time`,`validate_rule`,`validate_time`,`error_info`,`validate_type`,`auto_rule`,`auto_time`,`auto_type`) VALUES ('cTime','发布时间','int(10) unsigned NOT NULL ','datetime','','','0','','0','0','1','1396624612','1396075102','','3','','regex','time','1','function');
INSERT INTO `wp_attribute` (`name`,`title`,`field`,`type`,`value`,`remark`,`is_show`,`extra`,`model_id`,`is_must`,`status`,`update_time`,`create_time`,`validate_rule`,`validate_time`,`error_info`,`validate_type`,`auto_rule`,`auto_time`,`auto_type`) VALUES ('token','Token','varchar(255) NOT NULL','string','','','0','','0','0','1','1396602871','1396602859','','3','','regex','get_token','1','function');
INSERT INTO `wp_attribute` (`name`,`title`,`field`,`type`,`value`,`remark`,`is_show`,`extra`,`model_id`,`is_must`,`status`,`update_time`,`create_time`,`validate_rule`,`validate_time`,`error_info`,`validate_type`,`auto_rule`,`auto_time`,`auto_type`) VALUES ('password','表单密码','varchar(255) NOT NULL','string','','如要用户输入密码才能进入表单，则填写此项。否则留空，用户可直接进入表单','0','','0','0','1','1396871497','1396672643','','3','','regex','','3','function');
INSERT INTO `wp_attribute` (`name`,`title`,`field`,`type`,`value`,`remark`,`is_show`,`extra`,`model_id`,`is_must`,`status`,`update_time`,`create_time`,`validate_rule`,`validate_time`,`error_info`,`validate_type`,`auto_rule`,`auto_time`,`auto_type`) VALUES ('keyword_type','关键词类型','tinyint(2) NOT NULL','select','0','','1','0:完全匹配\r\n1:左边匹配\r\n2:右边匹配\r\n3:模糊匹配','0','1','1','1396624426','1396061765','','3','','regex','','3','function');
INSERT INTO `wp_attribute` (`name`,`title`,`field`,`type`,`value`,`remark`,`is_show`,`extra`,`model_id`,`is_must`,`status`,`update_time`,`create_time`,`validate_rule`,`validate_time`,`error_info`,`validate_type`,`auto_rule`,`auto_time`,`auto_type`) VALUES ('title','标题','varchar(255) NOT NULL','string','','','1','','0','1','1','1396624461','1396061859','','3','','regex','','3','function');
INSERT INTO `wp_attribute` (`name`,`title`,`field`,`type`,`value`,`remark`,`is_show`,`extra`,`model_id`,`is_must`,`status`,`update_time`,`create_time`,`validate_rule`,`validate_time`,`error_info`,`validate_type`,`auto_rule`,`auto_time`,`auto_type`) VALUES ('intro','封面简介','text NOT NULL','textarea','','','1','','0','0','1','1396624505','1396061947','','3','','regex','','3','function');
INSERT INTO `wp_attribute` (`name`,`title`,`field`,`type`,`value`,`remark`,`is_show`,`extra`,`model_id`,`is_must`,`status`,`update_time`,`create_time`,`validate_rule`,`validate_time`,`error_info`,`validate_type`,`auto_rule`,`auto_time`,`auto_type`) VALUES ('mTime','修改时间','int(10) NOT NULL','datetime','','','0','','0','0','1','1396624664','1396624664','','3','','regex','time','3','function');
INSERT INTO `wp_attribute` (`name`,`title`,`field`,`type`,`value`,`remark`,`is_show`,`extra`,`model_id`,`is_must`,`status`,`update_time`,`create_time`,`validate_rule`,`validate_time`,`error_info`,`validate_type`,`auto_rule`,`auto_time`,`auto_type`) VALUES ('cover','封面图片','int(10) unsigned NOT NULL ','picture','','','1','','0','0','1','1396624534','1396062093','','3','','regex','','3','function');
INSERT INTO `wp_attribute` (`name`,`title`,`field`,`type`,`value`,`remark`,`is_show`,`extra`,`model_id`,`is_must`,`status`,`update_time`,`create_time`,`validate_rule`,`validate_time`,`error_info`,`validate_type`,`auto_rule`,`auto_time`,`auto_type`) VALUES ('keyword','关键词','varchar(100) NOT NULL','string','','','1','','0','1','1','1396866048','1396061575','','3','','regex','','3','function');
INSERT INTO `wp_attribute` (`name`,`title`,`field`,`type`,`value`,`remark`,`is_show`,`extra`,`model_id`,`is_must`,`status`,`update_time`,`create_time`,`validate_rule`,`validate_time`,`error_info`,`validate_type`,`auto_rule`,`auto_time`,`auto_type`) VALUES ('can_edit','是否允许编辑','tinyint(2) NOT NULL','bool','0','用户提交表单是否可以再编辑','1','0:不允许\r\n1:允许','0','0','1','1396688624','1396688624','','3','','regex','','3','function');
INSERT INTO `wp_attribute` (`name`,`title`,`field`,`type`,`value`,`remark`,`is_show`,`extra`,`model_id`,`is_must`,`status`,`update_time`,`create_time`,`validate_rule`,`validate_time`,`error_info`,`validate_type`,`auto_rule`,`auto_time`,`auto_type`) VALUES ('content','详细介绍','text NOT NULL','editor','','可不填','1','','0','0','1','1396865295','1396865295','','3','','regex','','3','function');
INSERT INTO `wp_attribute` (`name`,`title`,`field`,`type`,`value`,`remark`,`is_show`,`extra`,`model_id`,`is_must`,`status`,`update_time`,`create_time`,`validate_rule`,`validate_time`,`error_info`,`validate_type`,`auto_rule`,`auto_time`,`auto_type`) VALUES ('jump_url','提交后跳转的地址','varchar(255) NOT NULL','string','','要以http://开头的完整地址，为空时不跳转','1','','0','0','1','1399800276','1399800276','','3','','regex','','3','function');
UPDATE `wp_attribute` SET model_id= (SELECT MAX(id) FROM `wp_model`) WHERE model_id=0;

CREATE TABLE IF NOT EXISTS `wp_forms_cjt_attribute` (
`id` int(10) unsigned NOT NULL AUTO_INCREMENT COMMENT '主键',
`type`  char(50) NOT NULL  DEFAULT 'string' COMMENT '字段类型',
`title`  varchar(255) NOT NULL  COMMENT '字段标题',
`mTime`  int(10) NOT NULL  COMMENT '修改时间',
`extra`  text NOT NULL  COMMENT '参数',
`value`  varchar(255) NOT NULL  COMMENT '默认值',
`token`  varchar(255) NOT NULL  COMMENT 'Token',
`name`  varchar(100) NOT NULL  COMMENT '字段名',
`remark`  varchar(255) NOT NULL  COMMENT '字段备注',
`is_must`  tinyint(2) NOT NULL  COMMENT '是否必填',
`validate_rule`  varchar(255) NOT NULL  COMMENT '正则验证',
`sort`  int(10) unsigned NOT NULL   DEFAULT 0 COMMENT '排序号',
`error_info`  varchar(255) NOT NULL  COMMENT '出错提示',
`forms_cjt_id`  int(10) unsigned NOT NULL   COMMENT '表单ID',
`is_show`  tinyint(2) NOT NULL  DEFAULT 1 COMMENT '是否显示',
PRIMARY KEY (`id`)
) ENGINE=MyISAM DEFAULT CHARACTER SET=utf8 COLLATE=utf8_general_ci CHECKSUM=0 ROW_FORMAT=DYNAMIC DELAY_KEY_WRITE=0;
INSERT INTO `wp_forms_cjt_attribute` (`id`,`mTime`,`token`,`name`,`title`,`type`,`extra`,`value`,`remark`,`is_must`,`validate_rule`,`sort`,`error_info`,`forms_cjt_id`,`is_show`) VALUES ('39','1439515097','gh_d7839bfd0b0a','orchard_name','果园名称','string','','参赛果园','','1','','1','请输入最美果园','15','1');
INSERT INTO `wp_forms_cjt_attribute` (`id`,`mTime`,`token`,`name`,`title`,`type`,`extra`,`value`,`remark`,`is_must`,`validate_rule`,`sort`,`error_info`,`forms_cjt_id`,`is_show`) VALUES ('40','1439881271','gh_d7839bfd0b0a','slogan','拉票标语','string','','请投我一票','','0','','2','','15','1');
INSERT INTO `wp_forms_cjt_attribute` (`id`,`mTime`,`token`,`name`,`title`,`type`,`extra`,`value`,`remark`,`is_must`,`validate_rule`,`sort`,`error_info`,`forms_cjt_id`,`is_show`) VALUES ('41','1439881349','gh_d7839bfd0b0a','tel','联系手机','string','','','','0','','3','请输入正确的手机号码','15','1');
INSERT INTO `wp_forms_cjt_attribute` (`id`,`mTime`,`token`,`name`,`title`,`type`,`extra`,`value`,`remark`,`is_must`,`validate_rule`,`sort`,`error_info`,`forms_cjt_id`,`is_show`) VALUES ('42','1439881356','gh_d7839bfd0b0a','pic1','果园照片1','picture','','','','1','','4','请选择第一张照片','15','1');
INSERT INTO `wp_forms_cjt_attribute` (`id`,`mTime`,`token`,`name`,`title`,`type`,`extra`,`value`,`remark`,`is_must`,`validate_rule`,`sort`,`error_info`,`forms_cjt_id`,`is_show`) VALUES ('43','1439881364','gh_d7839bfd0b0a','pic2','果园照片2','picture','','','','0','','5','','15','1');
INSERT INTO `wp_forms_cjt_attribute` (`id`,`mTime`,`token`,`name`,`title`,`type`,`extra`,`value`,`remark`,`is_must`,`validate_rule`,`sort`,`error_info`,`forms_cjt_id`,`is_show`) VALUES ('44','1439791607','gh_d7839bfd0b0a','name','果园名称','string','','','','1','','0','','16','1');
INSERT INTO `wp_forms_cjt_attribute` (`id`,`mTime`,`token`,`name`,`title`,`type`,`extra`,`value`,`remark`,`is_must`,`validate_rule`,`sort`,`error_info`,`forms_cjt_id`,`is_show`) VALUES ('45','1439791650','gh_d7839bfd0b0a','cover','封面','picture','','','','1','','0','','16','1');
INSERT INTO `wp_model` (`name`,`title`,`extend`,`relation`,`need_pk`,`field_sort`,`field_group`,`attribute_list`,`template_list`,`template_add`,`template_edit`,`list_grid`,`list_row`,`search_key`,`search_list`,`create_time`,`update_time`,`status`,`engine_type`) VALUES ('forms_cjt_attribute','表单字段','0','','1','{"1":["name","title","type","extra","value","remark","is_must","validate_rule","error_info","sort"]}','1:基础','','','','','title:字段标题\r\nname:字段名\r\ntype|get_name_by_status:字段类型\r\nid:操作:[EDIT]&forms_cjt_id=[forms_cjt_id]|编辑,[DELETE]|删除','10','title','','1396061373','1396710959','1','MyISAM');
INSERT INTO `wp_attribute` (`name`,`title`,`field`,`type`,`value`,`remark`,`is_show`,`extra`,`model_id`,`is_must`,`status`,`update_time`,`create_time`,`validate_rule`,`validate_time`,`error_info`,`validate_type`,`auto_rule`,`auto_time`,`auto_type`) VALUES ('type','字段类型','char(50) NOT NULL','select','string','用于表单中的展示方式','1','string:单行输入\r\ntextarea:多行输入\r\nradio:单选\r\ncheckbox:多选\r\nselect:下拉选择\r\ndatetime:时间\r\npicture:上传图片\r\ncascade:级联','0','1','1','1398742035','1396683600','','3','','regex','','3','function');
INSERT INTO `wp_attribute` (`name`,`title`,`field`,`type`,`value`,`remark`,`is_show`,`extra`,`model_id`,`is_must`,`status`,`update_time`,`create_time`,`validate_rule`,`validate_time`,`error_info`,`validate_type`,`auto_rule`,`auto_time`,`auto_type`) VALUES ('title','字段标题','varchar(255) NOT NULL','string','','请输入字段标题，用于表单显示','1','','0','1','1','1396676830','1396676830','','3','','regex','','3','function');
INSERT INTO `wp_attribute` (`name`,`title`,`field`,`type`,`value`,`remark`,`is_show`,`extra`,`model_id`,`is_must`,`status`,`update_time`,`create_time`,`validate_rule`,`validate_time`,`error_info`,`validate_type`,`auto_rule`,`auto_time`,`auto_type`) VALUES ('mTime','修改时间','int(10) NOT NULL','datetime','','','0','','0','0','1','1396624664','1396624664','','3','','regex','time','3','function');
INSERT INTO `wp_attribute` (`name`,`title`,`field`,`type`,`value`,`remark`,`is_show`,`extra`,`model_id`,`is_must`,`status`,`update_time`,`create_time`,`validate_rule`,`validate_time`,`error_info`,`validate_type`,`auto_rule`,`auto_time`,`auto_type`) VALUES ('extra','参数','text NOT NULL','textarea','','字段类型为单选、多选、下拉选择和级联选择时的定义数据，其它字段类型为空','1','','0','0','1','1396835020','1396685105','','3','','regex','','3','function');
INSERT INTO `wp_attribute` (`name`,`title`,`field`,`type`,`value`,`remark`,`is_show`,`extra`,`model_id`,`is_must`,`status`,`update_time`,`create_time`,`validate_rule`,`validate_time`,`error_info`,`validate_type`,`auto_rule`,`auto_time`,`auto_type`) VALUES ('value','默认值','varchar(255) NOT NULL','string','','字段的默认值','1','','0','0','1','1396685291','1396685291','','3','','regex','','3','function');
INSERT INTO `wp_attribute` (`name`,`title`,`field`,`type`,`value`,`remark`,`is_show`,`extra`,`model_id`,`is_must`,`status`,`update_time`,`create_time`,`validate_rule`,`validate_time`,`error_info`,`validate_type`,`auto_rule`,`auto_time`,`auto_type`) VALUES ('token','Token','varchar(255) NOT NULL','string','','','0','','0','0','1','1396602871','1396602859','','3','','regex','get_token','1','function');
INSERT INTO `wp_attribute` (`name`,`title`,`field`,`type`,`value`,`remark`,`is_show`,`extra`,`model_id`,`is_must`,`status`,`update_time`,`create_time`,`validate_rule`,`validate_time`,`error_info`,`validate_type`,`auto_rule`,`auto_time`,`auto_type`) VALUES ('name','字段名','varchar(100) NOT NULL','string','','请输入字段名 英文字母开头，长度不超过30','1','','0','1','1','1396676840','1396676792','','3','','regex','','3','function');
INSERT INTO `wp_attribute` (`name`,`title`,`field`,`type`,`value`,`remark`,`is_show`,`extra`,`model_id`,`is_must`,`status`,`update_time`,`create_time`,`validate_rule`,`validate_time`,`error_info`,`validate_type`,`auto_rule`,`auto_time`,`auto_type`) VALUES ('remark','字段备注','varchar(255) NOT NULL','string','','用于表单中的提示','1','','0','0','1','1396685482','1396685482','','3','','regex','','3','function');
INSERT INTO `wp_attribute` (`name`,`title`,`field`,`type`,`value`,`remark`,`is_show`,`extra`,`model_id`,`is_must`,`status`,`update_time`,`create_time`,`validate_rule`,`validate_time`,`error_info`,`validate_type`,`auto_rule`,`auto_time`,`auto_type`) VALUES ('is_must','是否必填','tinyint(2) NOT NULL','bool','','用于自动验证','1','0:否\r\n1:是','0','0','1','1396685579','1396685579','','3','','regex','','3','function');
INSERT INTO `wp_attribute` (`name`,`title`,`field`,`type`,`value`,`remark`,`is_show`,`extra`,`model_id`,`is_must`,`status`,`update_time`,`create_time`,`validate_rule`,`validate_time`,`error_info`,`validate_type`,`auto_rule`,`auto_time`,`auto_type`) VALUES ('validate_rule','正则验证','varchar(255) NOT NULL','string','','为空表示不作验证','1','','0','0','1','1396685776','1396685776','','3','','regex','','3','function');
INSERT INTO `wp_attribute` (`name`,`title`,`field`,`type`,`value`,`remark`,`is_show`,`extra`,`model_id`,`is_must`,`status`,`update_time`,`create_time`,`validate_rule`,`validate_time`,`error_info`,`validate_type`,`auto_rule`,`auto_time`,`auto_type`) VALUES ('sort','排序号','int(10) unsigned NOT NULL ','num','0','值越小越靠前','1','','0','0','1','1396685825','1396685825','','3','','regex','','3','function');
INSERT INTO `wp_attribute` (`name`,`title`,`field`,`type`,`value`,`remark`,`is_show`,`extra`,`model_id`,`is_must`,`status`,`update_time`,`create_time`,`validate_rule`,`validate_time`,`error_info`,`validate_type`,`auto_rule`,`auto_time`,`auto_type`) VALUES ('error_info','出错提示','varchar(255) NOT NULL','string','','验证不通过时的提示语','1','','0','0','1','1396685920','1396685920','','3','','regex','','3','function');
INSERT INTO `wp_attribute` (`name`,`title`,`field`,`type`,`value`,`remark`,`is_show`,`extra`,`model_id`,`is_must`,`status`,`update_time`,`create_time`,`validate_rule`,`validate_time`,`error_info`,`validate_type`,`auto_rule`,`auto_time`,`auto_type`) VALUES ('forms_cjt_id','表单ID','int(10) unsigned NOT NULL ','num','','','4','','0','0','1','1396710040','1396690613','','3','','regex','','3','function');
INSERT INTO `wp_attribute` (`name`,`title`,`field`,`type`,`value`,`remark`,`is_show`,`extra`,`model_id`,`is_must`,`status`,`update_time`,`create_time`,`validate_rule`,`validate_time`,`error_info`,`validate_type`,`auto_rule`,`auto_time`,`auto_type`) VALUES ('is_show','是否显示','tinyint(2) NOT NULL','select','1','是否显示在表单中','1','1:显示\r\n0:不显示','0','0','1','1396848437','1396848437','','3','','regex','','3','function');
UPDATE `wp_attribute` SET model_id= (SELECT MAX(id) FROM `wp_model`) WHERE model_id=0;

CREATE TABLE IF NOT EXISTS `wp_forms_cjt_value` (
`id` int(10) unsigned NOT NULL AUTO_INCREMENT COMMENT '主键',
`uid`  int(10) NULL   COMMENT '用户ID',
`openid`  varchar(255) NOT NULL  COMMENT 'OpenId',
`forms_cjt_id`  int(10) unsigned NOT NULL   COMMENT '表单ID',
`value`  text NOT NULL  COMMENT '表单值',
`cTime`  int(10) NOT NULL  COMMENT '增加时间',
`token`  varchar(255) NOT NULL  COMMENT 'Token',
PRIMARY KEY (`id`)
) ENGINE=MyISAM DEFAULT CHARACTER SET=utf8 COLLATE=utf8_general_ci CHECKSUM=0 ROW_FORMAT=DYNAMIC DELAY_KEY_WRITE=0;
INSERT INTO `wp_forms_cjt_value` (`id`,`uid`,`openid`,`forms_cjt_id`,`value`,`cTime`,`token`) VALUES ('74','1','-1','15','a:5:{s:6:"slogan";s:6:"标语";s:3:"tel";s:5:"1afws";s:4:"pic1";s:3:"366";s:4:"pic2";s:3:"369";s:12:"orchard_name";s:12:"水果世界";}','1439515707','gh_d7839bfd0b0a');
INSERT INTO `wp_forms_cjt_value` (`id`,`uid`,`openid`,`forms_cjt_id`,`value`,`cTime`,`token`) VALUES ('75','1','-1','15','a:5:{s:6:"slogan";s:7:"果园2";s:3:"tel";s:7:"1546878";s:4:"pic1";s:3:"373";s:4:"pic2";s:3:"367";s:12:"orchard_name";s:7:"果园2";}','1439626499','gh_d7839bfd0b0a');
INSERT INTO `wp_forms_cjt_value` (`id`,`uid`,`openid`,`forms_cjt_id`,`value`,`cTime`,`token`) VALUES ('76','1','-1','16','a:2:{s:4:"name";s:12:"芳芳庄园";s:5:"cover";s:3:"378";}','1439791749','gh_d7839bfd0b0a');
INSERT INTO `wp_forms_cjt_value` (`id`,`uid`,`openid`,`forms_cjt_id`,`value`,`cTime`,`token`) VALUES ('77','1','-1','16','a:2:{s:4:"name";s:6:"荔缘";s:5:"cover";s:3:"375";}','1439791779','gh_d7839bfd0b0a');
INSERT INTO `wp_forms_cjt_value` (`id`,`uid`,`openid`,`forms_cjt_id`,`value`,`cTime`,`token`) VALUES ('78','1','-1','15','a:5:{s:12:"orchard_name";s:12:"芳芳庄园";s:6:"slogan";s:15:"钟小芳最棒";s:3:"tel";s:11:"13825010619";s:4:"pic1";s:3:"377";s:4:"pic2";s:3:"381";}','1439860430','gh_d7839bfd0b0a');
INSERT INTO `wp_forms_cjt_value` (`id`,`uid`,`openid`,`forms_cjt_id`,`value`,`cTime`,`token`) VALUES ('79','1','-1','15','a:5:{s:12:"orchard_name";s:3:"111";s:6:"slogan";s:3:"111";s:3:"tel";s:3:"111";s:4:"pic1";s:3:"370";s:4:"pic2";i:382;}','1440041627','gh_d7839bfd0b0a');
INSERT INTO `wp_forms_cjt_value` (`id`,`uid`,`openid`,`forms_cjt_id`,`value`,`cTime`,`token`) VALUES ('80','363','oqBlkv2wDUwRs7gDZF93aYh2PLmE','15','a:5:{s:12:"orchard_name";s:3:"123";s:6:"slogan";s:18:"请投我们一票";s:3:"tel";s:11:"13825010619";s:4:"pic1";i:385;s:4:"pic2";i:386;}','1440401017','gh_d7839bfd0b0a');
INSERT INTO `wp_model` (`name`,`title`,`extend`,`relation`,`need_pk`,`field_sort`,`field_group`,`attribute_list`,`template_list`,`template_add`,`template_edit`,`list_grid`,`list_row`,`search_key`,`search_list`,`create_time`,`update_time`,`status`,`engine_type`) VALUES ('forms_cjt_value','报名数据','0','','1','','1:基础','','','','','','10','','','1396687959','1396687959','1','MyISAM');
INSERT INTO `wp_attribute` (`name`,`title`,`field`,`type`,`value`,`remark`,`is_show`,`extra`,`model_id`,`is_must`,`status`,`update_time`,`create_time`,`validate_rule`,`validate_time`,`error_info`,`validate_type`,`auto_rule`,`auto_time`,`auto_type`) VALUES ('uid','用户ID','int(10) NULL ','num','','','0','','0','0','1','1396688042','1396688042','','3','','regex','','3','function');
INSERT INTO `wp_attribute` (`name`,`title`,`field`,`type`,`value`,`remark`,`is_show`,`extra`,`model_id`,`is_must`,`status`,`update_time`,`create_time`,`validate_rule`,`validate_time`,`error_info`,`validate_type`,`auto_rule`,`auto_time`,`auto_type`) VALUES ('openid','OpenId','varchar(255) NOT NULL','string','','','0','','0','0','1','1396688187','1396688187','','3','','regex','get_openid','1','function');
INSERT INTO `wp_attribute` (`name`,`title`,`field`,`type`,`value`,`remark`,`is_show`,`extra`,`model_id`,`is_must`,`status`,`update_time`,`create_time`,`validate_rule`,`validate_time`,`error_info`,`validate_type`,`auto_rule`,`auto_time`,`auto_type`) VALUES ('forms_cjt_id','表单ID','int(10) unsigned NOT NULL ','num','','','4','','0','0','1','1396710064','1396688308','','3','','regex','','1','function');
INSERT INTO `wp_attribute` (`name`,`title`,`field`,`type`,`value`,`remark`,`is_show`,`extra`,`model_id`,`is_must`,`status`,`update_time`,`create_time`,`validate_rule`,`validate_time`,`error_info`,`validate_type`,`auto_rule`,`auto_time`,`auto_type`) VALUES ('value','表单值','text NOT NULL','textarea','','','0','','0','0','1','1396688355','1396688355','','3','','regex','','3','function');
INSERT INTO `wp_attribute` (`name`,`title`,`field`,`type`,`value`,`remark`,`is_show`,`extra`,`model_id`,`is_must`,`status`,`update_time`,`create_time`,`validate_rule`,`validate_time`,`error_info`,`validate_type`,`auto_rule`,`auto_time`,`auto_type`) VALUES ('cTime','增加时间','int(10) NOT NULL','datetime','','','0','','0','0','1','1396688434','1396688434','','3','','regex','time','1','function');
INSERT INTO `wp_attribute` (`name`,`title`,`field`,`type`,`value`,`remark`,`is_show`,`extra`,`model_id`,`is_must`,`status`,`update_time`,`create_time`,`validate_rule`,`validate_time`,`error_info`,`validate_type`,`auto_rule`,`auto_time`,`auto_type`) VALUES ('token','Token','varchar(255) NOT NULL','string','','','0','','0','0','1','1396690911','1396690911','','3','','regex','get_token','1','function');
UPDATE `wp_attribute` SET model_id= (SELECT MAX(id) FROM `wp_model`) WHERE model_id=0;